country_region_code,country_region,sub_region_1,sub_region_2,metro_area,iso_3166_2_code,census_fips_code,place_id,date,retail_and_recreation_percent_change_from_baseline,grocery_and_pharmacy_percent_change_from_baseline,parks_percent_change_from_baseline,transit_stations_percent_change_from_baseline,workplaces_percent_change_from_baseline,residential_percent_change_from_baseline
BD,Bangladesh,,,,,,ChIJp4vhgO2qrTARa_zhxOAoLQ8,2020-02-15,4,6,10,7,8,1
BD,Bangladesh,,,,,,ChIJp4vhgO2qrTARa_zhxOAoLQ8,2020-02-16,3,3,5,4,8,0
BD,Bangladesh,,,,,,ChIJp4vhgO2qrTARa_zhxOAoLQ8,2020-02-17,1,4,3,2,5,1
BD,Bangladesh,,,,,,ChIJp4vhgO2qrTARa_zhxOAoLQ8,2020-02-18,2,3,2,3,5,1
BD,Bangladesh,,,,,,ChIJp4vhgO2qrTARa_zhxOAoLQ8,2020-02-19,1,1,3,2,5,1
BD,Bangladesh,,,,,,ChIJp4vhgO2qrTARa_zhxOAoLQ8,2020-02-20,2,4,4,4,7,1
BD,Bangladesh,,,,,,ChIJp4vhgO2qrTARa_zhxOAoLQ8,2020-02-21,2,6,18,5,0,2
BD,Bangladesh,,,,,,ChIJp4vhgO2qrTARa_zhxOAoLQ8,2020-02-22,2,4,10,6,8,1
BD,Bangladesh,,,,,,ChIJp4vhgO2qrTARa_zhxOAoLQ8,2020-02-23,4,4,8,4,11,0
BD,Bangladesh,,,,,,ChIJp4vhgO2qrTARa_zhxOAoLQ8,2020-02-24,1,3,5,1,7,1
BD,Bangladesh,,,,,,ChIJp4vhgO2qrTARa_zhxOAoLQ8,2020-02-25,-1,0,1,2,6,1
BD,Bangladesh,,,,,,ChIJp4vhgO2qrTARa_zhxOAoLQ8,2020-02-26,0,1,5,1,7,1
BD,Bangladesh,,,,,,ChIJp4vhgO2qrTARa_zhxOAoLQ8,2020-02-27,4,6,8,5,8,1
BD,Bangladesh,,,,,,ChIJp4vhgO2qrTARa_zhxOAoLQ8,2020-02-28,7,6,16,9,6,0
BD,Bangladesh,,,,,,ChIJp4vhgO2qrTARa_zhxOAoLQ8,2020-02-29,6,6,14,8,11,0
BD,Bangladesh,,,,,,ChIJp4vhgO2qrTARa_zhxOAoLQ8,2020-03-01,5,6,5,5,12,0
BD,Bangladesh,,,,,,ChIJp4vhgO2qrTARa_zhxOAoLQ8,2020-03-02,3,6,3,3,8,1
BD,Bangladesh,,,,,,ChIJp4vhgO2qrTARa_zhxOAoLQ8,2020-03-03,2,3,2,3,7,1
BD,Bangladesh,,,,,,ChIJp4vhgO2qrTARa_zhxOAoLQ8,2020-03-04,4,5,5,5,8,1
BD,Bangladesh,,,,,,ChIJp4vhgO2qrTARa_zhxOAoLQ8,2020-03-05,7,9,6,9,11,0
BD,Bangladesh,,,,,,ChIJp4vhgO2qrTARa_zhxOAoLQ8,2020-03-06,-10,-8,-9,-7,-4,2
BD,Bangladesh,,,,,,ChIJp4vhgO2qrTARa_zhxOAoLQ8,2020-03-07,8,8,11,10,13,-1
BD,Bangladesh,,,,,,ChIJp4vhgO2qrTARa_zhxOAoLQ8,2020-03-08,9,9,10,9,13,-1
BD,Bangladesh,,,,,,ChIJp4vhgO2qrTARa_zhxOAoLQ8,2020-03-09,5,8,6,4,6,1
BD,Bangladesh,,,,,,ChIJp4vhgO2qrTARa_zhxOAoLQ8,2020-03-10,5,7,5,6,8,1
BD,Bangladesh,,,,,,ChIJp4vhgO2qrTARa_zhxOAoLQ8,2020-03-11,4,6,5,5,9,1
BD,Bangladesh,,,,,,ChIJp4vhgO2qrTARa_zhxOAoLQ8,2020-03-12,4,7,4,5,11,1
BD,Bangladesh,,,,,,ChIJp4vhgO2qrTARa_zhxOAoLQ8,2020-03-13,5,7,6,5,7,2
BD,Bangladesh,,,,,,ChIJp4vhgO2qrTARa_zhxOAoLQ8,2020-03-14,0,3,3,2,11,1
BD,Bangladesh,,,,,,ChIJp4vhgO2qrTARa_zhxOAoLQ8,2020-03-15,5,6,5,4,13,0
BD,Bangladesh,,,,,,ChIJp4vhgO2qrTARa_zhxOAoLQ8,2020-03-16,4,9,4,5,9,1
BD,Bangladesh,,,,,,ChIJp4vhgO2qrTARa_zhxOAoLQ8,2020-03-17,-6,3,7,-5,-33,10
BD,Bangladesh,,,,,,ChIJp4vhgO2qrTARa_zhxOAoLQ8,2020-03-18,-6,5,-2,-2,0,3
BD,Bangladesh,,,,,,ChIJp4vhgO2qrTARa_zhxOAoLQ8,2020-03-19,-12,3,-9,-9,1,5
BD,Bangladesh,,,,,,ChIJp4vhgO2qrTARa_zhxOAoLQ8,2020-03-20,-24,-2,-18,-17,4,7
BD,Bangladesh,,,,,,ChIJp4vhgO2qrTARa_zhxOAoLQ8,2020-03-21,-25,-5,-14,-19,0,8
BD,Bangladesh,,,,,,ChIJp4vhgO2qrTARa_zhxOAoLQ8,2020-03-22,-25,-8,-13,-22,-5,7
BD,Bangladesh,,,,,,ChIJp4vhgO2qrTARa_zhxOAoLQ8,2020-03-23,-31,-7,-16,-26,-14,10
BD,Bangladesh,,,,,,ChIJp4vhgO2qrTARa_zhxOAoLQ8,2020-03-24,-35,-9,-15,-22,-20,10
BD,Bangladesh,,,,,,ChIJp4vhgO2qrTARa_zhxOAoLQ8,2020-03-25,-53,-26,-17,-37,-36,13
BD,Bangladesh,,,,,,ChIJp4vhgO2qrTARa_zhxOAoLQ8,2020-03-26,-73,-51,-31,-70,-66,27
BD,Bangladesh,,,,,,ChIJp4vhgO2qrTARa_zhxOAoLQ8,2020-03-27,-71,-47,-35,-67,-38,19
BD,Bangladesh,,,,,,ChIJp4vhgO2qrTARa_zhxOAoLQ8,2020-03-28,-71,-48,-28,-66,-54,24
BD,Bangladesh,,,,,,ChIJp4vhgO2qrTARa_zhxOAoLQ8,2020-03-29,-68,-46,-26,-66,-60,24
BD,Bangladesh,,,,,,ChIJp4vhgO2qrTARa_zhxOAoLQ8,2020-03-30,-69,-45,-26,-66,-61,24
BD,Bangladesh,,,,,,ChIJp4vhgO2qrTARa_zhxOAoLQ8,2020-03-31,-67,-43,-25,-65,-60,23
BD,Bangladesh,,,,,,ChIJp4vhgO2qrTARa_zhxOAoLQ8,2020-04-01,-67,-44,-25,-64,-59,23
BD,Bangladesh,,,,,,ChIJp4vhgO2qrTARa_zhxOAoLQ8,2020-04-02,-70,-49,-31,-68,-59,25
BD,Bangladesh,,,,,,ChIJp4vhgO2qrTARa_zhxOAoLQ8,2020-04-03,-70,-46,-34,-66,-35,17
BD,Bangladesh,,,,,,ChIJp4vhgO2qrTARa_zhxOAoLQ8,2020-04-04,-69,-46,-29,-64,-51,22
BD,Bangladesh,,,,,,ChIJp4vhgO2qrTARa_zhxOAoLQ8,2020-04-05,-67,-44,-29,-64,-54,22
BD,Bangladesh,,,,,,ChIJp4vhgO2qrTARa_zhxOAoLQ8,2020-04-06,-71,-49,-31,-68,-60,24
BD,Bangladesh,,,,,,ChIJp4vhgO2qrTARa_zhxOAoLQ8,2020-04-07,-72,-50,-31,-70,-63,25
BD,Bangladesh,,,,,,ChIJp4vhgO2qrTARa_zhxOAoLQ8,2020-04-08,-73,-51,-31,-70,-63,26
BD,Bangladesh,,,,,,ChIJp4vhgO2qrTARa_zhxOAoLQ8,2020-04-09,-75,-54,-36,-73,-63,28
BD,Bangladesh,,,,,,ChIJp4vhgO2qrTARa_zhxOAoLQ8,2020-04-10,-77,-56,-40,-73,-43,21
BD,Bangladesh,,,,,,ChIJp4vhgO2qrTARa_zhxOAoLQ8,2020-04-11,-76,-55,-34,-72,-58,25
BD,Bangladesh,,,,,,ChIJp4vhgO2qrTARa_zhxOAoLQ8,2020-04-12,-73,-54,-32,-71,-61,24
BD,Bangladesh,,,,,,ChIJp4vhgO2qrTARa_zhxOAoLQ8,2020-04-13,-74,-53,-31,-71,-63,26
BD,Bangladesh,,,,,,ChIJp4vhgO2qrTARa_zhxOAoLQ8,2020-04-14,-75,-55,-32,-73,-66,27
BD,Bangladesh,,,,,,ChIJp4vhgO2qrTARa_zhxOAoLQ8,2020-04-15,-75,-56,-32,-72,-62,26
BD,Bangladesh,,,,,,ChIJp4vhgO2qrTARa_zhxOAoLQ8,2020-04-16,-74,-54,-32,-72,-59,27
BD,Bangladesh,,,,,,ChIJp4vhgO2qrTARa_zhxOAoLQ8,2020-04-17,-75,-54,-36,-72,-38,20
BD,Bangladesh,,,,,,ChIJp4vhgO2qrTARa_zhxOAoLQ8,2020-04-18,-75,-55,-35,-71,-55,25
BD,Bangladesh,,,,,,ChIJp4vhgO2qrTARa_zhxOAoLQ8,2020-04-19,-72,-53,-34,-70,-59,24
BD,Bangladesh,,,,,,ChIJp4vhgO2qrTARa_zhxOAoLQ8,2020-04-20,-74,-54,-33,-71,-61,25
BD,Bangladesh,,,,,,ChIJp4vhgO2qrTARa_zhxOAoLQ8,2020-04-21,-73,-53,-32,-70,-61,25
BD,Bangladesh,,,,,,ChIJp4vhgO2qrTARa_zhxOAoLQ8,2020-04-22,-73,-53,-33,-70,-60,25
BD,Bangladesh,,,,,,ChIJp4vhgO2qrTARa_zhxOAoLQ8,2020-04-23,-73,-53,-36,-71,-58,26
BD,Bangladesh,,,,,,ChIJp4vhgO2qrTARa_zhxOAoLQ8,2020-04-24,-73,-50,-41,-69,-35,18
BD,Bangladesh,,,,,,ChIJp4vhgO2qrTARa_zhxOAoLQ8,2020-04-25,-75,-54,-38,-70,-54,26
BD,Bangladesh,,,,,,ChIJp4vhgO2qrTARa_zhxOAoLQ8,2020-04-26,-73,-56,-39,-71,-56,25
BD,Bangladesh,,,,,,ChIJp4vhgO2qrTARa_zhxOAoLQ8,2020-04-27,-73,-53,-36,-70,-56,25
BD,Bangladesh,,,,,,ChIJp4vhgO2qrTARa_zhxOAoLQ8,2020-04-28,-72,-54,-36,-69,-55,24
BD,Bangladesh,,,,,,ChIJp4vhgO2qrTARa_zhxOAoLQ8,2020-04-29,-71,-51,-33,-67,-53,24
BD,Bangladesh,,,,,,ChIJp4vhgO2qrTARa_zhxOAoLQ8,2020-04-30,-71,-51,-36,-69,-50,26
BD,Bangladesh,,,,,,ChIJp4vhgO2qrTARa_zhxOAoLQ8,2020-05-01,-74,-53,-42,-69,-33,19
BD,Bangladesh,,,,,,ChIJp4vhgO2qrTARa_zhxOAoLQ8,2020-05-02,-72,-52,-36,-67,-42,23
BD,Bangladesh,,,,,,ChIJp4vhgO2qrTARa_zhxOAoLQ8,2020-05-03,-67,-48,-35,-65,-47,22
BD,Bangladesh,,,,,,ChIJp4vhgO2qrTARa_zhxOAoLQ8,2020-05-04,-68,-48,-34,-65,-49,22
BD,Bangladesh,,,,,,ChIJp4vhgO2qrTARa_zhxOAoLQ8,2020-05-05,-68,-48,-35,-64,-48,22
BD,Bangladesh,,,,,,ChIJp4vhgO2qrTARa_zhxOAoLQ8,2020-05-06,-68,-48,-33,-64,-52,22
BD,Bangladesh,,,,,,ChIJp4vhgO2qrTARa_zhxOAoLQ8,2020-05-07,-66,-44,-36,-63,-43,22
BD,Bangladesh,,,,,,ChIJp4vhgO2qrTARa_zhxOAoLQ8,2020-05-08,-67,-43,-38,-62,-21,16
BD,Bangladesh,,,,,,ChIJp4vhgO2qrTARa_zhxOAoLQ8,2020-05-09,-64,-42,-33,-59,-34,20
BD,Bangladesh,,,,,,ChIJp4vhgO2qrTARa_zhxOAoLQ8,2020-05-10,-57,-37,-32,-55,-37,19
BD,Bangladesh,,,,,,ChIJp4vhgO2qrTARa_zhxOAoLQ8,2020-05-11,-58,-36,-30,-55,-40,19
BD,Bangladesh,,,,,,ChIJp4vhgO2qrTARa_zhxOAoLQ8,2020-05-12,-56,-35,-30,-54,-40,19
BD,Bangladesh,,,,,,ChIJp4vhgO2qrTARa_zhxOAoLQ8,2020-05-13,-59,-39,-31,-56,-40,20
BD,Bangladesh,,,,,,ChIJp4vhgO2qrTARa_zhxOAoLQ8,2020-05-14,-57,-35,-32,-56,-36,20
BD,Bangladesh,,,,,,ChIJp4vhgO2qrTARa_zhxOAoLQ8,2020-05-15,-59,-34,-35,-54,-11,15
BD,Bangladesh,,,,,,ChIJp4vhgO2qrTARa_zhxOAoLQ8,2020-05-16,-55,-32,-28,-51,-27,18
BD,Bangladesh,,,,,,ChIJp4vhgO2qrTARa_zhxOAoLQ8,2020-05-17,-53,-32,-29,-51,-34,18
BD,Bangladesh,,,,,,ChIJp4vhgO2qrTARa_zhxOAoLQ8,2020-05-18,-54,-31,-28,-50,-38,19
BD,Bangladesh,,,,,,ChIJp4vhgO2qrTARa_zhxOAoLQ8,2020-05-19,-53,-31,-29,-49,-39,18
BD,Bangladesh,,,,,,ChIJp4vhgO2qrTARa_zhxOAoLQ8,2020-05-20,-57,-37,-34,-54,-42,18
BD,Bangladesh,,,,,,ChIJp4vhgO2qrTARa_zhxOAoLQ8,2020-05-21,-63,-45,-40,-62,-51,19
BD,Bangladesh,,,,,,ChIJp4vhgO2qrTARa_zhxOAoLQ8,2020-05-22,-52,-24,-35,-48,-10,12
BD,Bangladesh,,,,,,ChIJp4vhgO2qrTARa_zhxOAoLQ8,2020-05-23,-51,-23,-26,-48,-39,19
BD,Bangladesh,,,,,,ChIJp4vhgO2qrTARa_zhxOAoLQ8,2020-05-24,-46,-15,-20,-45,-52,20
BD,Bangladesh,,,,,,ChIJp4vhgO2qrTARa_zhxOAoLQ8,2020-05-25,-62,-41,-3,-57,-62,18
BD,Bangladesh,,,,,,ChIJp4vhgO2qrTARa_zhxOAoLQ8,2020-05-26,-65,-43,-14,-58,-62,19
BD,Bangladesh,,,,,,ChIJp4vhgO2qrTARa_zhxOAoLQ8,2020-05-27,-68,-50,-26,-62,-55,18
BD,Bangladesh,,,,,,ChIJp4vhgO2qrTARa_zhxOAoLQ8,2020-05-28,-59,-36,-22,-55,-44,18
BD,Bangladesh,,,,,,ChIJp4vhgO2qrTARa_zhxOAoLQ8,2020-05-29,-60,-33,-27,-51,-18,13
BD,Bangladesh,,,,,,ChIJp4vhgO2qrTARa_zhxOAoLQ8,2020-05-30,-56,-33,-24,-49,-28,15
BD,Bangladesh,,,,,,ChIJp4vhgO2qrTARa_zhxOAoLQ8,2020-05-31,-47,-25,-21,-42,-25,13
BD,Bangladesh,,,,,,ChIJp4vhgO2qrTARa_zhxOAoLQ8,2020-06-01,-47,-26,-23,-41,-27,14
BD,Bangladesh,,,,,,ChIJp4vhgO2qrTARa_zhxOAoLQ8,2020-06-02,-47,-27,-22,-41,-28,14
BD,Bangladesh,,,,,,ChIJp4vhgO2qrTARa_zhxOAoLQ8,2020-06-03,-47,-27,-22,-41,-27,14
BD,Bangladesh,,,,,,ChIJp4vhgO2qrTARa_zhxOAoLQ8,2020-06-04,-50,-32,-29,-46,-26,16
BD,Bangladesh,,,,,,ChIJp4vhgO2qrTARa_zhxOAoLQ8,2020-06-05,-50,-26,-28,-42,-8,12
BD,Bangladesh,,,,,,ChIJp4vhgO2qrTARa_zhxOAoLQ8,2020-06-06,-46,-24,-23,-39,-17,14
BD,Bangladesh,,,,,,ChIJp4vhgO2qrTARa_zhxOAoLQ8,2020-06-07,-40,-20,-20,-36,-22,13
BD,Bangladesh,,,,,,ChIJp4vhgO2qrTARa_zhxOAoLQ8,2020-06-08,-43,-22,-22,-37,-25,14
BD,Bangladesh,,,,,,ChIJp4vhgO2qrTARa_zhxOAoLQ8,2020-06-09,-44,-24,-23,-39,-26,14
BD,Bangladesh,,,,,,ChIJp4vhgO2qrTARa_zhxOAoLQ8,2020-06-10,-44,-24,-22,-39,-26,14
BD,Bangladesh,,,,,,ChIJp4vhgO2qrTARa_zhxOAoLQ8,2020-06-11,-45,-25,-25,-42,-23,16
BD,Bangladesh,,,,,,ChIJp4vhgO2qrTARa_zhxOAoLQ8,2020-06-12,-52,-29,-32,-45,-8,13
BD,Bangladesh,,,,,,ChIJp4vhgO2qrTARa_zhxOAoLQ8,2020-06-13,-50,-30,-27,-44,-18,15
BD,Bangladesh,,,,,,ChIJp4vhgO2qrTARa_zhxOAoLQ8,2020-06-14,-40,-21,-22,-37,-21,13
BD,Bangladesh,,,,,,ChIJp4vhgO2qrTARa_zhxOAoLQ8,2020-06-15,-43,-23,-23,-40,-24,14
BD,Bangladesh,,,,,,ChIJp4vhgO2qrTARa_zhxOAoLQ8,2020-06-16,-44,-25,-23,-40,-26,14
BD,Bangladesh,,,,,,ChIJp4vhgO2qrTARa_zhxOAoLQ8,2020-06-17,-53,-36,-31,-49,-29,17
BD,Bangladesh,,,,,,ChIJp4vhgO2qrTARa_zhxOAoLQ8,2020-06-18,-49,-31,-30,-47,-25,16
BD,Bangladesh,,,,,,ChIJp4vhgO2qrTARa_zhxOAoLQ8,2020-06-19,-51,-29,-30,-45,-6,13
BD,Bangladesh,,,,,,ChIJp4vhgO2qrTARa_zhxOAoLQ8,2020-06-20,-45,-25,-24,-40,-15,14
BD,Bangladesh,,,,,,ChIJp4vhgO2qrTARa_zhxOAoLQ8,2020-06-21,-43,-25,-24,-40,-21,14
BD,Bangladesh,,,,,,ChIJp4vhgO2qrTARa_zhxOAoLQ8,2020-06-22,-43,-23,-22,-40,-25,15
BD,Bangladesh,,,,,,ChIJp4vhgO2qrTARa_zhxOAoLQ8,2020-06-23,-43,-24,-23,-39,-26,14
BD,Bangladesh,,,,,,ChIJp4vhgO2qrTARa_zhxOAoLQ8,2020-06-24,-43,-25,-24,-40,-25,14
BD,Bangladesh,,,,,,ChIJp4vhgO2qrTARa_zhxOAoLQ8,2020-06-25,-44,-25,-26,-41,-22,15
BD,Bangladesh,,,,,,ChIJp4vhgO2qrTARa_zhxOAoLQ8,2020-06-26,-47,-25,-27,-42,-6,12
BD,Bangladesh,,,,,,ChIJp4vhgO2qrTARa_zhxOAoLQ8,2020-06-27,-45,-26,-24,-40,-16,14
BD,Bangladesh,,,,,,ChIJp4vhgO2qrTARa_zhxOAoLQ8,2020-06-28,-42,-26,-26,-39,-20,13
BD,Bangladesh,,,,,,ChIJp4vhgO2qrTARa_zhxOAoLQ8,2020-06-29,-40,-21,-22,-38,-23,13
BD,Bangladesh,,,,,,ChIJp4vhgO2qrTARa_zhxOAoLQ8,2020-06-30,-40,-21,-22,-37,-23,13
BD,Bangladesh,,,,,,ChIJp4vhgO2qrTARa_zhxOAoLQ8,2020-07-01,-41,-23,-22,-40,-24,14
BD,Bangladesh,,,,,,ChIJp4vhgO2qrTARa_zhxOAoLQ8,2020-07-02,-39,-20,-24,-39,-19,14
BD,Bangladesh,,,,,,ChIJp4vhgO2qrTARa_zhxOAoLQ8,2020-07-03,-41,-19,-23,-38,-3,11
BD,Bangladesh,,,,,,ChIJp4vhgO2qrTARa_zhxOAoLQ8,2020-07-04,-38,-19,-21,-36,-12,13
BD,Bangladesh,,,,,,ChIJp4vhgO2qrTARa_zhxOAoLQ8,2020-07-05,-33,-16,-18,-33,-18,12
BD,Bangladesh,,,,,,ChIJp4vhgO2qrTARa_zhxOAoLQ8,2020-07-06,-34,-15,-18,-34,-21,13
BD,Bangladesh,,,,,,ChIJp4vhgO2qrTARa_zhxOAoLQ8,2020-07-07,-33,-14,-18,-32,-22,12
BD,Bangladesh,,,,,,ChIJp4vhgO2qrTARa_zhxOAoLQ8,2020-07-08,-35,-18,-20,-35,-20,12
BD,Bangladesh,,,,,,ChIJp4vhgO2qrTARa_zhxOAoLQ8,2020-07-09,-36,-19,-24,-36,-18,14
BD,Bangladesh,,,,,,ChIJp4vhgO2qrTARa_zhxOAoLQ8,2020-07-10,-36,-15,-21,-33,-1,10
BD,Bangladesh,,,,,,ChIJp4vhgO2qrTARa_zhxOAoLQ8,2020-07-11,-38,-21,-24,-36,-12,13
BD,Bangladesh,,,,,,ChIJp4vhgO2qrTARa_zhxOAoLQ8,2020-07-12,-34,-20,-22,-33,-17,12
BD,Bangladesh,,,,,,ChIJp4vhgO2qrTARa_zhxOAoLQ8,2020-07-13,-31,-13,-18,-31,-19,12
BD,Bangladesh,,,,,,ChIJp4vhgO2qrTARa_zhxOAoLQ8,2020-07-14,-31,-14,-17,-31,-20,12
BD,Bangladesh,,,,,,ChIJp4vhgO2qrTARa_zhxOAoLQ8,2020-07-15,-31,-14,-18,-31,-18,12
BD,Bangladesh,,,,,,ChIJp4vhgO2qrTARa_zhxOAoLQ8,2020-07-16,-29,-12,-19,-31,-14,12
BD,Bangladesh,,,,,,ChIJp4vhgO2qrTARa_zhxOAoLQ8,2020-07-17,-32,-11,-19,-30,3,10
BD,Bangladesh,,,,,,ChIJp4vhgO2qrTARa_zhxOAoLQ8,2020-07-18,-29,-12,-17,-29,-7,12
BD,Bangladesh,,,,,,ChIJp4vhgO2qrTARa_zhxOAoLQ8,2020-07-19,-27,-12,-17,-29,-13,11
BD,Bangladesh,,,,,,ChIJp4vhgO2qrTARa_zhxOAoLQ8,2020-07-20,-33,-17,-21,-32,-20,13
BD,Bangladesh,,,,,,ChIJp4vhgO2qrTARa_zhxOAoLQ8,2020-07-21,-37,-22,-23,-36,-21,13
BD,Bangladesh,,,,,,ChIJp4vhgO2qrTARa_zhxOAoLQ8,2020-07-22,-28,-13,-18,-29,-17,12
BD,Bangladesh,,,,,,ChIJp4vhgO2qrTARa_zhxOAoLQ8,2020-07-23,-26,-10,-18,-28,-12,12
BD,Bangladesh,,,,,,ChIJp4vhgO2qrTARa_zhxOAoLQ8,2020-07-24,-24,-5,-16,-24,11,9
BD,Bangladesh,,,,,,ChIJp4vhgO2qrTARa_zhxOAoLQ8,2020-07-25,-22,-3,-12,-22,-4,11
BD,Bangladesh,,,,,,ChIJp4vhgO2qrTARa_zhxOAoLQ8,2020-07-26,-19,-3,-10,-22,-11,10
BD,Bangladesh,,,,,,ChIJp4vhgO2qrTARa_zhxOAoLQ8,2020-07-27,-22,-4,-13,-23,-16,11
BD,Bangladesh,,,,,,ChIJp4vhgO2qrTARa_zhxOAoLQ8,2020-07-28,-19,-1,-11,-19,-16,10
BD,Bangladesh,,,,,,ChIJp4vhgO2qrTARa_zhxOAoLQ8,2020-07-29,-15,5,-5,-13,-18,9
BD,Bangladesh,,,,,,ChIJp4vhgO2qrTARa_zhxOAoLQ8,2020-07-30,-12,14,-1,-7,-21,8
BD,Bangladesh,,,,,,ChIJp4vhgO2qrTARa_zhxOAoLQ8,2020-07-31,-5,34,6,2,-2,4
BD,Bangladesh,,,,,,ChIJp4vhgO2qrTARa_zhxOAoLQ8,2020-08-01,-52,-30,8,-44,-55,14
BD,Bangladesh,,,,,,ChIJp4vhgO2qrTARa_zhxOAoLQ8,2020-08-02,-42,-16,18,-33,-60,13
BD,Bangladesh,,,,,,ChIJp4vhgO2qrTARa_zhxOAoLQ8,2020-08-03,-39,-11,17,-28,-50,10
BD,Bangladesh,,,,,,ChIJp4vhgO2qrTARa_zhxOAoLQ8,2020-08-04,-35,-10,10,-25,-43,10
BD,Bangladesh,,,,,,ChIJp4vhgO2qrTARa_zhxOAoLQ8,2020-08-05,-30,-7,6,-24,-34,9
BD,Bangladesh,,,,,,ChIJp4vhgO2qrTARa_zhxOAoLQ8,2020-08-06,-28,-5,-1,-25,-29,10
BD,Bangladesh,,,,,,ChIJp4vhgO2qrTARa_zhxOAoLQ8,2020-08-07,-28,-2,0,-17,-6,5
BD,Bangladesh,,,,,,ChIJp4vhgO2qrTARa_zhxOAoLQ8,2020-08-08,-22,-1,1,-17,-10,7
BD,Bangladesh,,,,,,ChIJp4vhgO2qrTARa_zhxOAoLQ8,2020-08-09,-18,0,-1,-17,-13,7
BD,Bangladesh,,,,,,ChIJp4vhgO2qrTARa_zhxOAoLQ8,2020-08-10,-18,2,-1,-17,-16,8
BD,Bangladesh,,,,,,ChIJp4vhgO2qrTARa_zhxOAoLQ8,2020-08-11,-23,-4,-4,-24,-30,11
BD,Bangladesh,,,,,,ChIJp4vhgO2qrTARa_zhxOAoLQ8,2020-08-12,-19,-1,-3,-18,-15,8
BD,Bangladesh,,,,,,ChIJp4vhgO2qrTARa_zhxOAoLQ8,2020-08-13,-18,1,-5,-18,-12,9
BD,Bangladesh,,,,,,ChIJp4vhgO2qrTARa_zhxOAoLQ8,2020-08-14,-20,2,-2,-16,3,6
BD,Bangladesh,,,,,,ChIJp4vhgO2qrTARa_zhxOAoLQ8,2020-08-15,-24,-2,2,-18,-26,11
BD,Bangladesh,,,,,,ChIJp4vhgO2qrTARa_zhxOAoLQ8,2020-08-16,-18,-1,-4,-15,-11,7
BD,Bangladesh,,,,,,ChIJp4vhgO2qrTARa_zhxOAoLQ8,2020-08-17,-20,-1,-6,-18,-15,8
BD,Bangladesh,,,,,,ChIJp4vhgO2qrTARa_zhxOAoLQ8,2020-08-18,-20,-2,-5,-17,-13,8
BD,Bangladesh,,,,,,ChIJp4vhgO2qrTARa_zhxOAoLQ8,2020-08-19,-19,-2,-5,-18,-12,8
BD,Bangladesh,,,,,,ChIJp4vhgO2qrTARa_zhxOAoLQ8,2020-08-20,-23,-6,-12,-22,-10,10
BD,Bangladesh,,,,,,ChIJp4vhgO2qrTARa_zhxOAoLQ8,2020-08-21,-27,-8,-14,-24,0,9
BD,Bangladesh,,,,,,ChIJp4vhgO2qrTARa_zhxOAoLQ8,2020-08-22,-24,-6,-10,-21,-5,10
BD,Bangladesh,,,,,,ChIJp4vhgO2qrTARa_zhxOAoLQ8,2020-08-23,-16,-1,-3,-15,-8,8
BD,Bangladesh,,,,,,ChIJp4vhgO2qrTARa_zhxOAoLQ8,2020-08-24,-19,-1,-5,-18,-11,9
BD,Bangladesh,,,,,,ChIJp4vhgO2qrTARa_zhxOAoLQ8,2020-08-25,-19,-2,-6,-17,-12,9
BD,Bangladesh,,,,,,ChIJp4vhgO2qrTARa_zhxOAoLQ8,2020-08-26,-19,-2,-5,-18,-10,9
BD,Bangladesh,,,,,,ChIJp4vhgO2qrTARa_zhxOAoLQ8,2020-08-27,-19,-2,-9,-17,-7,9
BD,Bangladesh,,,,,,ChIJp4vhgO2qrTARa_zhxOAoLQ8,2020-08-28,-20,1,-4,-16,3,8
BD,Bangladesh,,,,,,ChIJp4vhgO2qrTARa_zhxOAoLQ8,2020-08-29,-20,-1,-2,-17,-5,9
BD,Bangladesh,,,,,,ChIJp4vhgO2qrTARa_zhxOAoLQ8,2020-08-30,-24,-6,-3,-23,-30,12
BD,Bangladesh,,,,,,ChIJp4vhgO2qrTARa_zhxOAoLQ8,2020-08-31,-18,-1,-5,-16,-11,8
BD,Bangladesh,,,,,,ChIJp4vhgO2qrTARa_zhxOAoLQ8,2020-09-01,-20,-5,-8,-18,-13,10
BD,Bangladesh,,,,,,ChIJp4vhgO2qrTARa_zhxOAoLQ8,2020-09-02,-17,0,-4,-16,-10,9
BD,Bangladesh,,,,,,ChIJp4vhgO2qrTARa_zhxOAoLQ8,2020-09-03,-17,0,-7,-17,-9,9
BD,Bangladesh,,,,,,ChIJp4vhgO2qrTARa_zhxOAoLQ8,2020-09-04,-17,3,-3,-15,1,8
BD,Bangladesh,,,,,,ChIJp4vhgO2qrTARa_zhxOAoLQ8,2020-09-05,-16,2,-2,-14,-3,9
BD,Bangladesh,,,,,,ChIJp4vhgO2qrTARa_zhxOAoLQ8,2020-09-06,-14,2,-1,-13,-7,8
BD,Bangladesh,,,,,,ChIJp4vhgO2qrTARa_zhxOAoLQ8,2020-09-07,-15,2,-3,-14,-12,9
BD,Bangladesh,,,,,,ChIJp4vhgO2qrTARa_zhxOAoLQ8,2020-09-08,-15,3,-3,-12,-12,8
BD,Bangladesh,,,,,,ChIJp4vhgO2qrTARa_zhxOAoLQ8,2020-09-09,-17,-1,-3,-14,-10,9
BD,Bangladesh,,,,,,ChIJp4vhgO2qrTARa_zhxOAoLQ8,2020-09-10,-16,2,-4,-13,-8,9
BD,Bangladesh,,,,,,ChIJp4vhgO2qrTARa_zhxOAoLQ8,2020-09-11,-13,8,3,-8,1,8
BD,Bangladesh,,,,,,ChIJp4vhgO2qrTARa_zhxOAoLQ8,2020-09-12,-13,6,3,-8,-2,9
BD,Bangladesh,,,,,,ChIJp4vhgO2qrTARa_zhxOAoLQ8,2020-09-13,-12,5,4,-8,-6,8
BD,Bangladesh,,,,,,ChIJp4vhgO2qrTARa_zhxOAoLQ8,2020-09-14,-13,4,1,-10,-7,9
BD,Bangladesh,,,,,,ChIJp4vhgO2qrTARa_zhxOAoLQ8,2020-09-15,-12,5,0,-9,-8,9
BD,Bangladesh,,,,,,ChIJp4vhgO2qrTARa_zhxOAoLQ8,2020-09-16,-13,3,1,-10,-8,10
BD,Bangladesh,,,,,,ChIJp4vhgO2qrTARa_zhxOAoLQ8,2020-09-17,-16,1,-3,-13,-6,10
BD,Bangladesh,,,,,,ChIJp4vhgO2qrTARa_zhxOAoLQ8,2020-09-18,-15,5,2,-10,3,9
BD,Bangladesh,,,,,,ChIJp4vhgO2qrTARa_zhxOAoLQ8,2020-09-19,-15,4,3,-9,-1,9
BD,Bangladesh,,,,,,ChIJp4vhgO2qrTARa_zhxOAoLQ8,2020-09-20,-15,1,1,-11,-4,9
BD,Bangladesh,,,,,,ChIJp4vhgO2qrTARa_zhxOAoLQ8,2020-09-21,-15,2,-1,-11,-8,10
BD,Bangladesh,,,,,,ChIJp4vhgO2qrTARa_zhxOAoLQ8,2020-09-22,-20,-2,-4,-12,-11,11
BD,Bangladesh,,,,,,ChIJp4vhgO2qrTARa_zhxOAoLQ8,2020-09-23,-20,-1,-1,-8,-8,11
BD,Bangladesh,,,,,,ChIJp4vhgO2qrTARa_zhxOAoLQ8,2020-09-24,-21,0,-5,-9,-6,11
BD,Bangladesh,,,,,,ChIJp4vhgO2qrTARa_zhxOAoLQ8,2020-09-25,-21,0,-5,-9,0,10
BD,Bangladesh,,,,,,ChIJp4vhgO2qrTARa_zhxOAoLQ8,2020-09-26,-23,-2,-4,-7,-2,11
BD,Bangladesh,,,,,,ChIJp4vhgO2qrTARa_zhxOAoLQ8,2020-09-27,-15,5,7,-1,-4,9
BD,Bangladesh,,,,,,ChIJp4vhgO2qrTARa_zhxOAoLQ8,2020-09-28,-16,6,3,-2,-7,10
BD,Bangladesh,,,,,,ChIJp4vhgO2qrTARa_zhxOAoLQ8,2020-09-29,-17,5,0,-4,-8,10
BD,Bangladesh,,,,,,ChIJp4vhgO2qrTARa_zhxOAoLQ8,2020-09-30,-18,3,-3,-4,-8,9
BD,Bangladesh,,,,,,ChIJp4vhgO2qrTARa_zhxOAoLQ8,2020-10-01,-19,2,-10,-6,-5,8
BD,Bangladesh,,,,,,ChIJp4vhgO2qrTARa_zhxOAoLQ8,2020-10-02,-15,8,-6,-4,-1,7
BD,Bangladesh,,,,,,ChIJp4vhgO2qrTARa_zhxOAoLQ8,2020-10-03,-14,8,-3,-2,-1,7
BD,Bangladesh,,,,,,ChIJp4vhgO2qrTARa_zhxOAoLQ8,2020-10-04,-11,11,3,0,-4,7
BD,Bangladesh,,,,,,ChIJp4vhgO2qrTARa_zhxOAoLQ8,2020-10-05,-13,8,-3,-1,-8,7
BD,Bangladesh,,,,,,ChIJp4vhgO2qrTARa_zhxOAoLQ8,2020-10-06,-14,7,-4,-1,-9,7
BD,Bangladesh,,,,,,ChIJp4vhgO2qrTARa_zhxOAoLQ8,2020-10-07,-12,8,-2,-1,-6,7
BD,Bangladesh,,,,,,ChIJp4vhgO2qrTARa_zhxOAoLQ8,2020-10-08,-10,13,-3,1,-2,8
BD,Bangladesh,,,,,,ChIJp4vhgO2qrTARa_zhxOAoLQ8,2020-10-09,-9,15,0,1,3,7
BD,Bangladesh,,,,,,ChIJp4vhgO2qrTARa_zhxOAoLQ8,2020-10-10,-12,10,-1,-1,3,8
BD,Bangladesh,,,,,,ChIJp4vhgO2qrTARa_zhxOAoLQ8,2020-10-11,-9,12,4,1,0,8
BD,Bangladesh,,,,,,ChIJp4vhgO2qrTARa_zhxOAoLQ8,2020-10-12,-10,12,-2,1,-5,9
BD,Bangladesh,,,,,,ChIJp4vhgO2qrTARa_zhxOAoLQ8,2020-10-13,-10,13,-2,1,-5,9
BD,Bangladesh,,,,,,ChIJp4vhgO2qrTARa_zhxOAoLQ8,2020-10-14,-10,11,-1,0,-4,9
BD,Bangladesh,,,,,,ChIJp4vhgO2qrTARa_zhxOAoLQ8,2020-10-15,-8,15,-3,2,-1,9
BD,Bangladesh,,,,,,ChIJp4vhgO2qrTARa_zhxOAoLQ8,2020-10-16,-6,19,2,5,6,7
BD,Bangladesh,,,,,,ChIJp4vhgO2qrTARa_zhxOAoLQ8,2020-10-17,-10,13,1,3,4,8
BD,Bangladesh,,,,,,ChIJp4vhgO2qrTARa_zhxOAoLQ8,2020-10-18,-8,13,5,4,1,8
BD,Bangladesh,,,,,,ChIJp4vhgO2qrTARa_zhxOAoLQ8,2020-10-19,-10,13,-1,3,-3,9
BD,Bangladesh,,,,,,ChIJp4vhgO2qrTARa_zhxOAoLQ8,2020-10-20,-10,12,-2,2,-5,8
BD,Bangladesh,,,,,,ChIJp4vhgO2qrTARa_zhxOAoLQ8,2020-10-21,-8,12,0,2,-2,8
BD,Bangladesh,,,,,,ChIJp4vhgO2qrTARa_zhxOAoLQ8,2020-10-22,-18,2,-10,-7,-3,10
BD,Bangladesh,,,,,,ChIJp4vhgO2qrTARa_zhxOAoLQ8,2020-10-23,-27,-8,-19,-20,-6,12
BD,Bangladesh,,,,,,ChIJp4vhgO2qrTARa_zhxOAoLQ8,2020-10-24,-9,17,10,2,2,9
BD,Bangladesh,,,,,,ChIJp4vhgO2qrTARa_zhxOAoLQ8,2020-10-25,0,26,23,10,-3,6
BD,Bangladesh,,,,,,ChIJp4vhgO2qrTARa_zhxOAoLQ8,2020-10-26,-9,17,15,-3,-30,12
BD,Bangladesh,,,,,,ChIJp4vhgO2qrTARa_zhxOAoLQ8,2020-10-27,-6,18,7,6,-4,7
BD,Bangladesh,,,,,,ChIJp4vhgO2qrTARa_zhxOAoLQ8,2020-10-28,-8,13,4,3,-2,8
BD,Bangladesh,,,,,,ChIJp4vhgO2qrTARa_zhxOAoLQ8,2020-10-29,-8,13,-1,1,1,8
BD,Bangladesh,,,,,,ChIJp4vhgO2qrTARa_zhxOAoLQ8,2020-10-30,-8,16,1,6,5,8
BD,Bangladesh,,,,,,ChIJp4vhgO2qrTARa_zhxOAoLQ8,2020-10-31,-12,9,0,1,5,8
BD,Bangladesh,,,,,,ChIJp4vhgO2qrTARa_zhxOAoLQ8,2020-11-01,-9,11,4,3,3,8
BD,Bangladesh,,,,,,ChIJp4vhgO2qrTARa_zhxOAoLQ8,2020-11-02,-6,15,2,5,-1,8
BD,Bangladesh,,,,,,ChIJp4vhgO2qrTARa_zhxOAoLQ8,2020-11-03,-5,15,1,5,-2,8
BD,Bangladesh,,,,,,ChIJp4vhgO2qrTARa_zhxOAoLQ8,2020-11-04,-6,13,2,4,0,9
BD,Bangladesh,,,,,,ChIJp4vhgO2qrTARa_zhxOAoLQ8,2020-11-05,-6,15,1,5,3,9
BD,Bangladesh,,,,,,ChIJp4vhgO2qrTARa_zhxOAoLQ8,2020-11-06,-5,17,5,7,8,7
BD,Bangladesh,,,,,,ChIJp4vhgO2qrTARa_zhxOAoLQ8,2020-11-07,-6,15,5,7,8,8
BD,Bangladesh,,,,,,ChIJp4vhgO2qrTARa_zhxOAoLQ8,2020-11-08,-4,17,9,8,5,8
BD,Bangladesh,,,,,,ChIJp4vhgO2qrTARa_zhxOAoLQ8,2020-11-09,-8,14,4,5,0,9
BD,Bangladesh,,,,,,ChIJp4vhgO2qrTARa_zhxOAoLQ8,2020-11-10,-5,16,5,8,0,8
BD,Bangladesh,,,,,,ChIJp4vhgO2qrTARa_zhxOAoLQ8,2020-11-11,-4,15,6,6,1,8
BD,Bangladesh,,,,,,ChIJp4vhgO2qrTARa_zhxOAoLQ8,2020-11-12,-5,17,4,7,2,9
BD,Bangladesh,,,,,,ChIJp4vhgO2qrTARa_zhxOAoLQ8,2020-11-13,-2,21,9,11,9,7
BD,Bangladesh,,,,,,ChIJp4vhgO2qrTARa_zhxOAoLQ8,2020-11-14,-5,17,10,9,9,7
BD,Bangladesh,,,,,,ChIJp4vhgO2qrTARa_zhxOAoLQ8,2020-11-15,-2,18,13,10,6,7
BD,Bangladesh,,,,,,ChIJp4vhgO2qrTARa_zhxOAoLQ8,2020-11-16,-6,15,7,6,1,8
BD,Bangladesh,,,,,,ChIJp4vhgO2qrTARa_zhxOAoLQ8,2020-11-17,-7,14,6,6,0,8
BD,Bangladesh,,,,,,ChIJp4vhgO2qrTARa_zhxOAoLQ8,2020-11-18,-7,12,6,4,2,8
BD,Bangladesh,,,,,,ChIJp4vhgO2qrTARa_zhxOAoLQ8,2020-11-19,-5,16,4,6,5,8
BD,Bangladesh,,,,,,ChIJp4vhgO2qrTARa_zhxOAoLQ8,2020-11-20,-6,16,6,8,8,8
BD,Bangladesh,,,,,,ChIJp4vhgO2qrTARa_zhxOAoLQ8,2020-11-21,-8,14,7,6,9,8
BD,Bangladesh,,,,,,ChIJp4vhgO2qrTARa_zhxOAoLQ8,2020-11-22,-3,18,11,8,7,7
BD,Bangladesh,,,,,,ChIJp4vhgO2qrTARa_zhxOAoLQ8,2020-11-23,-6,16,7,5,2,9
BD,Bangladesh,,,,,,ChIJp4vhgO2qrTARa_zhxOAoLQ8,2020-11-24,-6,15,6,6,1,9
BD,Bangladesh,,,,,,ChIJp4vhgO2qrTARa_zhxOAoLQ8,2020-11-25,-6,14,7,5,3,9
BD,Bangladesh,,,,,,ChIJp4vhgO2qrTARa_zhxOAoLQ8,2020-11-26,-6,16,4,5,6,9
BD,Bangladesh,,,,,,ChIJp4vhgO2qrTARa_zhxOAoLQ8,2020-11-27,-6,18,7,7,11,8
BD,Bangladesh,,,,,,ChIJp4vhgO2qrTARa_zhxOAoLQ8,2020-11-28,-7,16,7,7,11,8
BD,Bangladesh,,,,,,ChIJp4vhgO2qrTARa_zhxOAoLQ8,2020-11-29,-3,18,12,8,8,8
BD,Bangladesh,,,,,,ChIJp4vhgO2qrTARa_zhxOAoLQ8,2020-11-30,-6,15,7,5,4,9
BD,Bangladesh,,,,,,ChIJp4vhgO2qrTARa_zhxOAoLQ8,2020-12-01,-5,17,7,8,3,8
BD,Bangladesh,,,,,,ChIJp4vhgO2qrTARa_zhxOAoLQ8,2020-12-02,-5,17,8,6,6,8
BD,Bangladesh,,,,,,ChIJp4vhgO2qrTARa_zhxOAoLQ8,2020-12-03,-3,20,7,8,8,8
BD,Bangladesh,,,,,,ChIJp4vhgO2qrTARa_zhxOAoLQ8,2020-12-04,-3,21,8,10,14,7
BD,Bangladesh,,,,,,ChIJp4vhgO2qrTARa_zhxOAoLQ8,2020-12-05,-4,19,10,10,13,7
BD,Bangladesh,,,,,,ChIJp4vhgO2qrTARa_zhxOAoLQ8,2020-12-06,-1,21,14,11,10,7
BD,Bangladesh,,,,,,ChIJp4vhgO2qrTARa_zhxOAoLQ8,2020-12-07,-3,20,10,9,5,8
BD,Bangladesh,,,,,,ChIJp4vhgO2qrTARa_zhxOAoLQ8,2020-12-08,-3,20,10,10,6,8
BD,Bangladesh,,,,,,ChIJp4vhgO2qrTARa_zhxOAoLQ8,2020-12-09,-5,18,13,10,5,8
BD,Bangladesh,,,,,,ChIJp4vhgO2qrTARa_zhxOAoLQ8,2020-12-10,-1,24,14,13,7,9
BD,Bangladesh,,,,,,ChIJp4vhgO2qrTARa_zhxOAoLQ8,2020-12-11,-1,28,15,18,15,8
BD,Bangladesh,,,,,,ChIJp4vhgO2qrTARa_zhxOAoLQ8,2020-12-12,0,26,18,18,14,9
BD,Bangladesh,,,,,,ChIJp4vhgO2qrTARa_zhxOAoLQ8,2020-12-13,1,27,24,17,10,8
BD,Bangladesh,,,,,,ChIJp4vhgO2qrTARa_zhxOAoLQ8,2020-12-14,-1,25,17,16,5,9
BD,Bangladesh,,,,,,ChIJp4vhgO2qrTARa_zhxOAoLQ8,2020-12-15,3,31,22,30,3,7
BD,Bangladesh,,,,,,ChIJp4vhgO2qrTARa_zhxOAoLQ8,2020-12-16,-2,24,42,16,-37,13
BD,Bangladesh,,,,,,ChIJp4vhgO2qrTARa_zhxOAoLQ8,2020-12-17,-2,27,21,14,-2,10
BD,Bangladesh,,,,,,ChIJp4vhgO2qrTARa_zhxOAoLQ8,2020-12-18,-4,25,19,20,11,7
BD,Bangladesh,,,,,,ChIJp4vhgO2qrTARa_zhxOAoLQ8,2020-12-19,-5,23,18,18,11,7
BD,Bangladesh,,,,,,ChIJp4vhgO2qrTARa_zhxOAoLQ8,2020-12-20,0,26,24,18,9,8
BD,Bangladesh,,,,,,ChIJp4vhgO2qrTARa_zhxOAoLQ8,2020-12-21,-2,24,17,15,5,9
BD,Bangladesh,,,,,,ChIJp4vhgO2qrTARa_zhxOAoLQ8,2020-12-22,-4,21,15,13,3,9
BD,Bangladesh,,,,,,ChIJp4vhgO2qrTARa_zhxOAoLQ8,2020-12-23,-4,21,16,12,6,9
BD,Bangladesh,,,,,,ChIJp4vhgO2qrTARa_zhxOAoLQ8,2020-12-24,-3,24,15,12,9,9
BD,Bangladesh,,,,,,ChIJp4vhgO2qrTARa_zhxOAoLQ8,2020-12-25,-2,27,18,16,15,8
BD,Bangladesh,,,,,,ChIJp4vhgO2qrTARa_zhxOAoLQ8,2020-12-26,-5,23,19,15,14,8
BD,Bangladesh,,,,,,ChIJp4vhgO2qrTARa_zhxOAoLQ8,2020-12-27,-2,24,24,15,10,8
BD,Bangladesh,,,,,,ChIJp4vhgO2qrTARa_zhxOAoLQ8,2020-12-28,-4,23,17,13,5,9
BD,Bangladesh,,,,,,ChIJp4vhgO2qrTARa_zhxOAoLQ8,2020-12-29,-5,21,15,13,4,9
BD,Bangladesh,,,,,,ChIJp4vhgO2qrTARa_zhxOAoLQ8,2020-12-30,-3,22,17,13,7,9
BD,Bangladesh,,,,,,ChIJp4vhgO2qrTARa_zhxOAoLQ8,2020-12-31,1,30,21,15,8,9
BD,Bangladesh,,,,,,ChIJp4vhgO2qrTARa_zhxOAoLQ8,2021-01-01,0,29,26,18,17,6
BD,Bangladesh,,,,,,ChIJp4vhgO2qrTARa_zhxOAoLQ8,2021-01-02,-6,22,17,14,16,8
BD,Bangladesh,,,,,,ChIJp4vhgO2qrTARa_zhxOAoLQ8,2021-01-03,-2,25,22,15,14,8
BD,Bangladesh,,,,,,ChIJp4vhgO2qrTARa_zhxOAoLQ8,2021-01-04,-4,24,15,14,8,9
BD,Bangladesh,,,,,,ChIJp4vhgO2qrTARa_zhxOAoLQ8,2021-01-05,-4,22,14,13,7,8
BD,Bangladesh,,,,,,ChIJp4vhgO2qrTARa_zhxOAoLQ8,2021-01-06,0,25,16,13,9,8
BD,Bangladesh,,,,,,ChIJp4vhgO2qrTARa_zhxOAoLQ8,2021-01-07,2,29,15,17,11,8
BD,Bangladesh,,,,,,ChIJp4vhgO2qrTARa_zhxOAoLQ8,2021-01-08,3,32,20,20,16,7
BD,Bangladesh,,,,,,ChIJp4vhgO2qrTARa_zhxOAoLQ8,2021-01-09,0,26,19,18,16,7
BD,Bangladesh,,,,,,ChIJp4vhgO2qrTARa_zhxOAoLQ8,2021-01-10,5,28,23,21,14,6
BD,Bangladesh,,,,,,ChIJp4vhgO2qrTARa_zhxOAoLQ8,2021-01-11,2,27,19,16,8,7
BD,Bangladesh,,,,,,ChIJp4vhgO2qrTARa_zhxOAoLQ8,2021-01-12,1,25,17,15,6,7
BD,Bangladesh,,,,,,ChIJp4vhgO2qrTARa_zhxOAoLQ8,2021-01-13,-3,20,13,11,5,6
BD,Bangladesh,,,,,,ChIJp4vhgO2qrTARa_zhxOAoLQ8,2021-01-14,-2,20,8,9,2,5
BD,Bangladesh,,,,,,ChIJp4vhgO2qrTARa_zhxOAoLQ8,2021-01-15,-4,18,8,8,2,4
BD,Bangladesh,,,,,,ChIJp4vhgO2qrTARa_zhxOAoLQ8,2021-01-16,-8,12,5,4,1,5
BD,Bangladesh,,,,,,ChIJp4vhgO2qrTARa_zhxOAoLQ8,2021-01-17,-3,16,9,9,2,5
BD,Bangladesh,,,,,,ChIJp4vhgO2qrTARa_zhxOAoLQ8,2021-01-18,-4,17,8,6,-1,7
BD,Bangladesh,,,,,,ChIJp4vhgO2qrTARa_zhxOAoLQ8,2021-01-19,-4,16,7,6,-1,7
BD,Bangladesh,,,,,,ChIJp4vhgO2qrTARa_zhxOAoLQ8,2021-01-20,-5,15,7,4,1,7
BD,Bangladesh,,,,,,ChIJp4vhgO2qrTARa_zhxOAoLQ8,2021-01-21,-2,20,8,7,5,7
BD,Bangladesh,,,,,,ChIJp4vhgO2qrTARa_zhxOAoLQ8,2021-01-22,-1,22,14,10,8,6
BD,Bangladesh,,,,,,ChIJp4vhgO2qrTARa_zhxOAoLQ8,2021-01-23,-3,20,13,11,10,7
BD,Bangladesh,,,,,,ChIJp4vhgO2qrTARa_zhxOAoLQ8,2021-01-24,0,20,17,12,8,6
BD,Bangladesh,,,,,,ChIJp4vhgO2qrTARa_zhxOAoLQ8,2021-01-25,0,22,15,11,4,7
BD,Bangladesh,,,,,,ChIJp4vhgO2qrTARa_zhxOAoLQ8,2021-01-26,-2,20,14,10,2,7
BD,Bangladesh,,,,,,ChIJp4vhgO2qrTARa_zhxOAoLQ8,2021-01-27,-4,18,14,7,1,9
BD,Bangladesh,,,,,,ChIJp4vhgO2qrTARa_zhxOAoLQ8,2021-01-28,1,23,14,12,7,8
BD,Bangladesh,,,,,,ChIJp4vhgO2qrTARa_zhxOAoLQ8,2021-01-29,4,29,17,17,12,6
BD,Bangladesh,,,,,,ChIJp4vhgO2qrTARa_zhxOAoLQ8,2021-01-30,2,27,16,16,12,6
BD,Bangladesh,,,,,,ChIJp4vhgO2qrTARa_zhxOAoLQ8,2021-01-31,5,29,17,17,11,5
BD,Bangladesh,,,,,,ChIJp4vhgO2qrTARa_zhxOAoLQ8,2021-02-01,4,29,14,14,5,6
BD,Bangladesh,,,,,,ChIJp4vhgO2qrTARa_zhxOAoLQ8,2021-02-02,5,30,14,16,5,6
BD,Bangladesh,,,,,,ChIJp4vhgO2qrTARa_zhxOAoLQ8,2021-02-03,2,24,11,10,5,6
BD,Bangladesh,,,,,,ChIJp4vhgO2qrTARa_zhxOAoLQ8,2021-02-04,3,26,11,13,7,6
BD,Bangladesh,,,,,,ChIJp4vhgO2qrTARa_zhxOAoLQ8,2021-02-05,5,31,16,16,9,5
BD,Bangladesh,,,,,,ChIJp4vhgO2qrTARa_zhxOAoLQ8,2021-02-06,2,26,16,17,12,5
BD,Bangladesh,,,,,,ChIJp4vhgO2qrTARa_zhxOAoLQ8,2021-02-07,4,25,20,17,10,4
BD,Bangladesh,,,,,,ChIJp4vhgO2qrTARa_zhxOAoLQ8,2021-02-08,4,30,15,17,5,5
BD,Bangladesh,,,,,,ChIJp4vhgO2qrTARa_zhxOAoLQ8,2021-02-09,7,32,15,20,5,5
BD,Bangladesh,,,,,,ChIJp4vhgO2qrTARa_zhxOAoLQ8,2021-02-10,7,31,16,19,7,5
BD,Bangladesh,,,,,,ChIJp4vhgO2qrTARa_zhxOAoLQ8,2021-02-11,8,34,13,19,10,5
BD,Bangladesh,,,,,,ChIJp4vhgO2qrTARa_zhxOAoLQ8,2021-02-12,10,39,16,23,14,4
BD,Bangladesh,,,,,,ChIJp4vhgO2qrTARa_zhxOAoLQ8,2021-02-13,9,36,19,21,14,4
BD,Bangladesh,,,,,,ChIJp4vhgO2qrTARa_zhxOAoLQ8,2021-02-14,18,38,34,23,13,3
BD,Bangladesh,,,,,,ChIJp4vhgO2qrTARa_zhxOAoLQ8,2021-02-15,9,37,14,20,8,5
BD,Bangladesh,,,,,,ChIJp4vhgO2qrTARa_zhxOAoLQ8,2021-02-16,9,36,13,20,4,5
BD,Bangladesh,,,,,,ChIJp4vhgO2qrTARa_zhxOAoLQ8,2021-02-17,10,37,15,23,9,5
BD,Bangladesh,,,,,,ChIJp4vhgO2qrTARa_zhxOAoLQ8,2021-02-18,12,40,14,30,11,4
BD,Bangladesh,,,,,,ChIJp4vhgO2qrTARa_zhxOAoLQ8,2021-02-19,12,43,22,34,14,3
BD,Bangladesh,,,,,,ChIJp4vhgO2qrTARa_zhxOAoLQ8,2021-02-20,12,43,30,29,6,4
BD,Bangladesh,,,,,,ChIJp4vhgO2qrTARa_zhxOAoLQ8,2021-02-21,9,36,45,24,-32,8
BD,Bangladesh,,,,,,ChIJp4vhgO2qrTARa_zhxOAoLQ8,2021-02-22,9,39,16,28,9,3
BD,Bangladesh,,,,,,ChIJp4vhgO2qrTARa_zhxOAoLQ8,2021-02-23,9,38,14,24,8,5
BD,Bangladesh,,,,,,ChIJp4vhgO2qrTARa_zhxOAoLQ8,2021-02-24,10,37,15,24,11,5
BD,Bangladesh,,,,,,ChIJp4vhgO2qrTARa_zhxOAoLQ8,2021-02-25,12,40,12,23,14,5
BD,Bangladesh,,,,,,ChIJp4vhgO2qrTARa_zhxOAoLQ8,2021-02-26,13,43,18,27,17,4
BD,Bangladesh,,,,,,ChIJp4vhgO2qrTARa_zhxOAoLQ8,2021-02-27,11,39,18,25,18,4
BD,Bangladesh,,,,,,ChIJp4vhgO2qrTARa_zhxOAoLQ8,2021-02-28,12,40,22,24,15,4
BD,Bangladesh,,,,,,ChIJp4vhgO2qrTARa_zhxOAoLQ8,2021-03-01,12,41,14,23,11,5
BD,Bangladesh,,,,,,ChIJp4vhgO2qrTARa_zhxOAoLQ8,2021-03-02,13,41,12,24,10,5
BD,Bangladesh,,,,,,ChIJp4vhgO2qrTARa_zhxOAoLQ8,2021-03-03,14,41,15,25,11,5
BD,Bangladesh,,,,,,ChIJp4vhgO2qrTARa_zhxOAoLQ8,2021-03-04,15,44,14,27,14,5
BD,Bangladesh,,,,,,ChIJp4vhgO2qrTARa_zhxOAoLQ8,2021-03-05,18,47,21,32,16,4
BD,Bangladesh,,,,,,ChIJp4vhgO2qrTARa_zhxOAoLQ8,2021-03-06,13,41,20,28,18,4
BD,Bangladesh,,,,,,ChIJp4vhgO2qrTARa_zhxOAoLQ8,2021-03-07,17,44,25,29,17,3
BD,Bangladesh,,,,,,ChIJp4vhgO2qrTARa_zhxOAoLQ8,2021-03-08,15,44,17,27,11,4
BD,Bangladesh,,,,,,ChIJp4vhgO2qrTARa_zhxOAoLQ8,2021-03-09,14,42,14,26,10,4
BD,Bangladesh,,,,,,ChIJp4vhgO2qrTARa_zhxOAoLQ8,2021-03-10,15,43,17,28,12,5
BD,Bangladesh,,,,,,ChIJp4vhgO2qrTARa_zhxOAoLQ8,2021-03-11,15,45,15,28,14,5
BD,Bangladesh,,,,,,ChIJp4vhgO2qrTARa_zhxOAoLQ8,2021-03-12,17,49,21,34,16,4
BD,Bangladesh,,,,,,ChIJp4vhgO2qrTARa_zhxOAoLQ8,2021-03-13,10,38,18,27,17,4
BD,Bangladesh,,,,,,ChIJp4vhgO2qrTARa_zhxOAoLQ8,2021-03-14,17,45,27,32,18,3
BD,Bangladesh,,,,,,ChIJp4vhgO2qrTARa_zhxOAoLQ8,2021-03-15,15,46,18,29,13,5
BD,Bangladesh,,,,,,ChIJp4vhgO2qrTARa_zhxOAoLQ8,2021-03-16,15,45,17,33,12,5
BD,Bangladesh,,,,,,ChIJp4vhgO2qrTARa_zhxOAoLQ8,2021-03-17,4,35,24,18,-23,12
BD,Bangladesh,,,,,,ChIJp4vhgO2qrTARa_zhxOAoLQ8,2021-03-18,16,46,18,28,14,6
BD,Bangladesh,,,,,,ChIJp4vhgO2qrTARa_zhxOAoLQ8,2021-03-19,18,50,25,36,21,4
BD,Bangladesh,,,,,,ChIJp4vhgO2qrTARa_zhxOAoLQ8,2021-03-20,15,45,23,34,22,4
BD,Bangladesh,,,,,,ChIJp4vhgO2qrTARa_zhxOAoLQ8,2021-03-21,16,45,25,31,20,4
BD,Bangladesh,,,,,,ChIJp4vhgO2qrTARa_zhxOAoLQ8,2021-03-22,14,46,18,30,14,6
BD,Bangladesh,,,,,,ChIJp4vhgO2qrTARa_zhxOAoLQ8,2021-03-23,14,44,14,29,13,6
BD,Bangladesh,,,,,,ChIJp4vhgO2qrTARa_zhxOAoLQ8,2021-03-24,13,43,16,26,14,6
BD,Bangladesh,,,,,,ChIJp4vhgO2qrTARa_zhxOAoLQ8,2021-03-25,15,47,15,29,18,6
BD,Bangladesh,,,,,,ChIJp4vhgO2qrTARa_zhxOAoLQ8,2021-03-26,11,48,20,27,16,7
BD,Bangladesh,,,,,,ChIJp4vhgO2qrTARa_zhxOAoLQ8,2021-03-27,10,44,17,26,21,6
BD,Bangladesh,,,,,,ChIJp4vhgO2qrTARa_zhxOAoLQ8,2021-03-28,3,37,13,13,14,7
BD,Bangladesh,,,,,,ChIJp4vhgO2qrTARa_zhxOAoLQ8,2021-03-29,4,41,10,21,9,7
BD,Bangladesh,,,,,,ChIJp4vhgO2qrTARa_zhxOAoLQ8,2021-03-30,-4,30,11,8,-34,15
BD,Bangladesh,,,,,,ChIJp4vhgO2qrTARa_zhxOAoLQ8,2021-03-31,8,39,11,26,12,6
BD,Bangladesh,,,,,,ChIJp4vhgO2qrTARa_zhxOAoLQ8,2021-04-01,9,42,7,23,15,7
BD,Bangladesh,,,,,,ChIJp4vhgO2qrTARa_zhxOAoLQ8,2021-04-02,8,45,7,21,24,7
BD,Bangladesh,,,,,,ChIJp4vhgO2qrTARa_zhxOAoLQ8,2021-04-03,10,48,13,29,22,6
BD,Bangladesh,,,,,,ChIJp4vhgO2qrTARa_zhxOAoLQ8,2021-04-04,13,45,20,43,15,3
BD,Bangladesh,,,,,,ChIJp4vhgO2qrTARa_zhxOAoLQ8,2021-04-05,-29,14,-10,-14,-12,13
BD,Bangladesh,,,,,,ChIJp4vhgO2qrTARa_zhxOAoLQ8,2021-04-06,-24,20,-9,-14,-8,15
BD,Bangladesh,,,,,,ChIJp4vhgO2qrTARa_zhxOAoLQ8,2021-04-07,-21,22,-6,-10,-5,14
BD,Bangladesh,,,,,,ChIJp4vhgO2qrTARa_zhxOAoLQ8,2021-04-08,-18,26,-6,-8,1,14
BD,Bangladesh,,,,,,ChIJp4vhgO2qrTARa_zhxOAoLQ8,2021-04-09,-12,35,-8,-4,20,11
BD,Bangladesh,,,,,,ChIJp4vhgO2qrTARa_zhxOAoLQ8,2021-04-10,-4,38,1,4,17,10
BD,Bangladesh,,,,,,ChIJp4vhgO2qrTARa_zhxOAoLQ8,2021-04-11,4,45,11,13,12,8
BD,Bangladesh,,,,,,ChIJp4vhgO2qrTARa_zhxOAoLQ8,2021-04-12,8,53,9,20,7,8
BD,Bangladesh,,,,,,ChIJp4vhgO2qrTARa_zhxOAoLQ8,2021-04-13,15,67,8,30,7,6
BD,Bangladesh,,,,,,ChIJp4vhgO2qrTARa_zhxOAoLQ8,2021-04-14,-52,-11,-32,-47,-53,27
BD,Bangladesh,,,,,,ChIJp4vhgO2qrTARa_zhxOAoLQ8,2021-04-15,-46,-6,-32,-43,-27,24
BD,Bangladesh,,,,,,ChIJp4vhgO2qrTARa_zhxOAoLQ8,2021-04-16,-47,-3,-35,-43,-4,19
BD,Bangladesh,,,,,,ChIJp4vhgO2qrTARa_zhxOAoLQ8,2021-04-17,-43,-2,-25,-37,-12,20
BD,Bangladesh,,,,,,ChIJp4vhgO2qrTARa_zhxOAoLQ8,2021-04-18,-37,2,-19,-33,-16,20
BD,Bangladesh,,,,,,ChIJp4vhgO2qrTARa_zhxOAoLQ8,2021-04-19,-38,3,-23,-33,-20,21
BD,Bangladesh,,,,,,ChIJp4vhgO2qrTARa_zhxOAoLQ8,2021-04-20,-35,6,-23,-30,-18,20
BD,Bangladesh,,,,,,ChIJp4vhgO2qrTARa_zhxOAoLQ8,2021-04-21,-36,3,-23,-30,-17,20
BD,Bangladesh,,,,,,ChIJp4vhgO2qrTARa_zhxOAoLQ8,2021-04-22,-33,8,-22,-29,-10,19
BD,Bangladesh,,,,,,ChIJp4vhgO2qrTARa_zhxOAoLQ8,2021-04-23,-35,11,-27,-30,8,17
BD,Bangladesh,,,,,,ChIJp4vhgO2qrTARa_zhxOAoLQ8,2021-04-24,-33,8,-19,-26,2,18
BD,Bangladesh,,,,,,ChIJp4vhgO2qrTARa_zhxOAoLQ8,2021-04-25,-18,18,-11,-17,3,16
BD,Bangladesh,,,,,,ChIJp4vhgO2qrTARa_zhxOAoLQ8,2021-04-26,-17,21,-16,-18,-2,16
BD,Bangladesh,,,,,,ChIJp4vhgO2qrTARa_zhxOAoLQ8,2021-04-27,-14,21,-17,-17,-2,16
BD,Bangladesh,,,,,,ChIJp4vhgO2qrTARa_zhxOAoLQ8,2021-04-28,-14,20,-16,-16,-1,16
BD,Bangladesh,,,,,,ChIJp4vhgO2qrTARa_zhxOAoLQ8,2021-04-29,-12,25,-17,-14,6,15
BD,Bangladesh,,,,,,ChIJp4vhgO2qrTARa_zhxOAoLQ8,2021-04-30,-11,30,-20,-13,32,13
BD,Bangladesh,,,,,,ChIJp4vhgO2qrTARa_zhxOAoLQ8,2021-05-01,-8,30,-10,-11,-9,17
BD,Bangladesh,,,,,,ChIJp4vhgO2qrTARa_zhxOAoLQ8,2021-05-02,-3,32,-3,-3,11,12
BD,Bangladesh,,,,,,ChIJp4vhgO2qrTARa_zhxOAoLQ8,2021-05-03,0,38,-7,-2,4,13
BD,Bangladesh,,,,,,ChIJp4vhgO2qrTARa_zhxOAoLQ8,2021-05-04,3,38,-8,0,4,12
BD,Bangladesh,,,,,,ChIJp4vhgO2qrTARa_zhxOAoLQ8,2021-05-05,4,37,-6,1,5,13
BD,Bangladesh,,,,,,ChIJp4vhgO2qrTARa_zhxOAoLQ8,2021-05-06,9,45,-5,5,12,12
BD,Bangladesh,,,,,,ChIJp4vhgO2qrTARa_zhxOAoLQ8,2021-05-07,11,51,-11,11,37,10
BD,Bangladesh,,,,,,ChIJp4vhgO2qrTARa_zhxOAoLQ8,2021-05-08,13,49,2,13,23,10
BD,Bangladesh,,,,,,ChIJp4vhgO2qrTARa_zhxOAoLQ8,2021-05-09,13,48,7,16,14,9
BD,Bangladesh,,,,,,ChIJp4vhgO2qrTARa_zhxOAoLQ8,2021-05-10,19,58,5,17,-14,12
BD,Bangladesh,,,,,,ChIJp4vhgO2qrTARa_zhxOAoLQ8,2021-05-11,21,59,7,31,1,8
BD,Bangladesh,,,,,,ChIJp4vhgO2qrTARa_zhxOAoLQ8,2021-05-12,30,79,23,43,-16,10
BD,Bangladesh,,,,,,ChIJp4vhgO2qrTARa_zhxOAoLQ8,2021-05-13,27,86,20,22,-36,15
BD,Bangladesh,,,,,,ChIJp4vhgO2qrTARa_zhxOAoLQ8,2021-05-14,7,56,70,19,-15,3
BD,Bangladesh,,,,,,ChIJp4vhgO2qrTARa_zhxOAoLQ8,2021-05-15,-15,30,45,8,-47,11
BD,Bangladesh,,,,,,ChIJp4vhgO2qrTARa_zhxOAoLQ8,2021-05-16,1,45,53,18,-32,7
BD,Bangladesh,,,,,,ChIJp4vhgO2qrTARa_zhxOAoLQ8,2021-05-17,0,45,34,17,-22,8
BD,Bangladesh,,,,,,ChIJp4vhgO2qrTARa_zhxOAoLQ8,2021-05-18,-1,40,18,16,-12,8
BD,Bangladesh,,,,,,ChIJp4vhgO2qrTARa_zhxOAoLQ8,2021-05-19,9,48,25,18,-1,7
BD,Bangladesh,,,,,,ChIJp4vhgO2qrTARa_zhxOAoLQ8,2021-05-20,8,45,19,7,6,9
BD,Bangladesh,,,,,,ChIJp4vhgO2qrTARa_zhxOAoLQ8,2021-05-21,11,54,25,20,21,7
BD,Bangladesh,,,,,,ChIJp4vhgO2qrTARa_zhxOAoLQ8,2021-05-22,11,47,23,20,23,7
BD,Bangladesh,,,,,,ChIJp4vhgO2qrTARa_zhxOAoLQ8,2021-05-23,13,45,25,19,18,7
BD,Bangladesh,,,,,,ChIJp4vhgO2qrTARa_zhxOAoLQ8,2021-05-24,10,43,16,19,11,8
BD,Bangladesh,,,,,,ChIJp4vhgO2qrTARa_zhxOAoLQ8,2021-05-25,13,45,14,23,11,7
BD,Bangladesh,,,,,,ChIJp4vhgO2qrTARa_zhxOAoLQ8,2021-05-26,14,45,24,14,-9,11
BD,Bangladesh,,,,,,ChIJp4vhgO2qrTARa_zhxOAoLQ8,2021-05-27,19,51,20,22,17,8
BD,Bangladesh,,,,,,ChIJp4vhgO2qrTARa_zhxOAoLQ8,2021-05-28,21,59,28,29,29,7
BD,Bangladesh,,,,,,ChIJp4vhgO2qrTARa_zhxOAoLQ8,2021-05-29,21,55,30,34,27,6
BD,Bangladesh,,,,,,ChIJp4vhgO2qrTARa_zhxOAoLQ8,2021-05-30,23,52,33,34,21,6
BD,Bangladesh,,,,,,ChIJp4vhgO2qrTARa_zhxOAoLQ8,2021-05-31,20,52,24,29,14,7
BD,Bangladesh,,,,,,ChIJp4vhgO2qrTARa_zhxOAoLQ8,2021-06-01,18,50,21,28,10,8
BD,Bangladesh,,,,,,ChIJp4vhgO2qrTARa_zhxOAoLQ8,2021-06-02,29,61,32,37,16,7
BD,Bangladesh,,,,,,ChIJp4vhgO2qrTARa_zhxOAoLQ8,2021-06-03,27,60,27,34,20,7
BD,Bangladesh,,,,,,ChIJp4vhgO2qrTARa_zhxOAoLQ8,2021-06-04,27,65,31,37,28,7
BD,Bangladesh,,,,,,ChIJp4vhgO2qrTARa_zhxOAoLQ8,2021-06-05,17,50,24,32,24,7
BD,Bangladesh,,,,,,ChIJp4vhgO2qrTARa_zhxOAoLQ8,2021-06-06,13,41,21,27,18,7
BD,Bangladesh,,,,,,ChIJp4vhgO2qrTARa_zhxOAoLQ8,2021-06-07,24,58,26,36,15,7
BD,Bangladesh,,,,,,ChIJp4vhgO2qrTARa_zhxOAoLQ8,2021-06-08,29,63,30,39,15,7
BD,Bangladesh,,,,,,ChIJp4vhgO2qrTARa_zhxOAoLQ8,2021-06-09,28,60,30,38,17,7
BD,Bangladesh,,,,,,ChIJp4vhgO2qrTARa_zhxOAoLQ8,2021-06-10,30,62,26,38,21,7
BD,Bangladesh,,,,,,ChIJp4vhgO2qrTARa_zhxOAoLQ8,2021-06-11,25,63,24,40,27,7
BD,Bangladesh,,,,,,ChIJp4vhgO2qrTARa_zhxOAoLQ8,2021-06-12,25,58,28,42,26,6
BD,Bangladesh,,,,,,ChIJp4vhgO2qrTARa_zhxOAoLQ8,2021-06-13,27,56,34,39,21,5
BD,Bangladesh,,,,,,ChIJp4vhgO2qrTARa_zhxOAoLQ8,2021-06-14,26,59,28,37,15,6
BD,Bangladesh,,,,,,ChIJp4vhgO2qrTARa_zhxOAoLQ8,2021-06-15,24,55,23,37,14,7
BD,Bangladesh,,,,,,ChIJp4vhgO2qrTARa_zhxOAoLQ8,2021-06-16,23,53,25,32,14,6
BD,Bangladesh,,,,,,ChIJp4vhgO2qrTARa_zhxOAoLQ8,2021-06-17,21,52,20,28,17,6
BD,Bangladesh,,,,,,ChIJp4vhgO2qrTARa_zhxOAoLQ8,2021-06-18,14,49,14,23,22,7
BD,Bangladesh,,,,,,ChIJp4vhgO2qrTARa_zhxOAoLQ8,2021-06-19,8,37,12,21,19,8
BD,Bangladesh,,,,,,ChIJp4vhgO2qrTARa_zhxOAoLQ8,2021-06-20,16,43,23,25,16,6
BD,Bangladesh,,,,,,ChIJp4vhgO2qrTARa_zhxOAoLQ8,2021-06-21,19,51,22,28,10,6
BD,Bangladesh,,,,,,ChIJp4vhgO2qrTARa_zhxOAoLQ8,2021-06-22,15,46,19,23,8,8
BD,Bangladesh,,,,,,ChIJp4vhgO2qrTARa_zhxOAoLQ8,2021-06-23,18,48,23,21,12,7
BD,Bangladesh,,,,,,ChIJp4vhgO2qrTARa_zhxOAoLQ8,2021-06-24,19,50,19,16,17,8
BD,Bangladesh,,,,,,ChIJp4vhgO2qrTARa_zhxOAoLQ8,2021-06-25,20,57,22,17,26,8
BD,Bangladesh,,,,,,ChIJp4vhgO2qrTARa_zhxOAoLQ8,2021-06-26,23,56,24,27,27,7
BD,Bangladesh,,,,,,ChIJp4vhgO2qrTARa_zhxOAoLQ8,2021-06-27,29,58,35,35,22,5
BD,Bangladesh,,,,,,ChIJp4vhgO2qrTARa_zhxOAoLQ8,2021-06-28,-1,42,16,6,6,11
BD,Bangladesh,,,,,,ChIJp4vhgO2qrTARa_zhxOAoLQ8,2021-06-29,-8,28,3,-2,4,11
BD,Bangladesh,,,,,,ChIJp4vhgO2qrTARa_zhxOAoLQ8,2021-06-30,0,41,12,10,5,8
BD,Bangladesh,,,,,,ChIJp4vhgO2qrTARa_zhxOAoLQ8,2021-07-01,-46,-13,-21,-48,-34,24
BD,Bangladesh,,,,,,ChIJp4vhgO2qrTARa_zhxOAoLQ8,2021-07-02,-43,-3,-25,-45,-7,19
BD,Bangladesh,,,,,,ChIJp4vhgO2qrTARa_zhxOAoLQ8,2021-07-03,-34,7,-9,-33,-11,20
BD,Bangladesh,,,,,,ChIJp4vhgO2qrTARa_zhxOAoLQ8,2021-07-04,-32,4,-4,-33,-22,20
BD,Bangladesh,,,,,,ChIJp4vhgO2qrTARa_zhxOAoLQ8,2021-07-05,-26,17,-3,-26,-16,18
BD,Bangladesh,,,,,,ChIJp4vhgO2qrTARa_zhxOAoLQ8,2021-07-06,-26,15,-6,-25,-14,18
BD,Bangladesh,,,,,,ChIJp4vhgO2qrTARa_zhxOAoLQ8,2021-07-07,-24,16,-3,-23,-12,17
BD,Bangladesh,,,,,,ChIJp4vhgO2qrTARa_zhxOAoLQ8,2021-07-08,-18,26,-1,-19,-4,17
BD,Bangladesh,,,,,,ChIJp4vhgO2qrTARa_zhxOAoLQ8,2021-07-09,-20,33,-4,-17,14,14
BD,Bangladesh,,,,,,ChIJp4vhgO2qrTARa_zhxOAoLQ8,2021-07-10,-20,26,2,-15,5,15
BD,Bangladesh,,,,,,ChIJp4vhgO2qrTARa_zhxOAoLQ8,2021-07-11,-18,22,7,-16,-8,15
BD,Bangladesh,,,,,,ChIJp4vhgO2qrTARa_zhxOAoLQ8,2021-07-12,-15,30,4,-11,-4,15
BD,Bangladesh,,,,,,ChIJp4vhgO2qrTARa_zhxOAoLQ8,2021-07-13,-9,35,8,-6,-2,14
BD,Bangladesh,,,,,,ChIJp4vhgO2qrTARa_zhxOAoLQ8,2021-07-14,-4,40,13,0,2,13
BD,Bangladesh,,,,,,ChIJp4vhgO2qrTARa_zhxOAoLQ8,2021-07-15,34,70,24,37,19,7
BD,Bangladesh,,,,,,ChIJp4vhgO2qrTARa_zhxOAoLQ8,2021-07-16,36,80,19,47,55,5
BD,Bangladesh,,,,,,ChIJp4vhgO2qrTARa_zhxOAoLQ8,2021-07-17,33,72,30,46,28,6
BD,Bangladesh,,,,,,ChIJp4vhgO2qrTARa_zhxOAoLQ8,2021-07-18,40,76,42,53,16,4
BD,Bangladesh,,,,,,ChIJp4vhgO2qrTARa_zhxOAoLQ8,2021-07-19,43,92,50,73,0,3
BD,Bangladesh,,,,,,ChIJp4vhgO2qrTARa_zhxOAoLQ8,2021-07-20,51,113,61,66,-38,8
BD,Bangladesh,,,,,,ChIJp4vhgO2qrTARa_zhxOAoLQ8,2021-07-21,-16,22,60,-6,-66,13
BD,Bangladesh,,,,,,ChIJp4vhgO2qrTARa_zhxOAoLQ8,2021-07-22,5,50,64,33,-56,9
BD,Bangladesh,,,,,,ChIJp4vhgO2qrTARa_zhxOAoLQ8,2021-07-23,-32,17,13,-25,-23,14
BD,Bangladesh,,,,,,ChIJp4vhgO2qrTARa_zhxOAoLQ8,2021-07-24,-33,14,16,-28,-38,19
BD,Bangladesh,,,,,,ChIJp4vhgO2qrTARa_zhxOAoLQ8,2021-07-25,-24,22,24,-21,-33,17
BD,Bangladesh,,,,,,ChIJp4vhgO2qrTARa_zhxOAoLQ8,2021-07-26,-21,30,21,-18,-33,17
BD,Bangladesh,,,,,,ChIJp4vhgO2qrTARa_zhxOAoLQ8,2021-07-27,-20,27,17,-18,-31,17
BD,Bangladesh,,,,,,ChIJp4vhgO2qrTARa_zhxOAoLQ8,2021-07-28,-20,26,18,-18,-28,17
BD,Bangladesh,,,,,,ChIJp4vhgO2qrTARa_zhxOAoLQ8,2021-07-29,-26,17,4,-26,-26,18
BD,Bangladesh,,,,,,ChIJp4vhgO2qrTARa_zhxOAoLQ8,2021-07-30,-21,32,8,-18,-3,14
BD,Bangladesh,,,,,,ChIJp4vhgO2qrTARa_zhxOAoLQ8,2021-07-31,-14,37,21,1,-14,14
BD,Bangladesh,,,,,,ChIJp4vhgO2qrTARa_zhxOAoLQ8,2021-08-01,-11,33,22,1,-10,12
BD,Bangladesh,,,,,,ChIJp4vhgO2qrTARa_zhxOAoLQ8,2021-08-02,-9,39,17,-3,-6,13
BD,Bangladesh,,,,,,ChIJp4vhgO2qrTARa_zhxOAoLQ8,2021-08-03,-8,38,14,-3,-6,13
BD,Bangladesh,,,,,,ChIJp4vhgO2qrTARa_zhxOAoLQ8,2021-08-04,-10,35,16,-6,-10,14
BD,Bangladesh,,,,,,ChIJp4vhgO2qrTARa_zhxOAoLQ8,2021-08-05,-6,40,15,-3,2,13
BD,Bangladesh,,,,,,ChIJp4vhgO2qrTARa_zhxOAoLQ8,2021-08-06,-12,39,10,-5,14,12
BD,Bangladesh,,,,,,ChIJp4vhgO2qrTARa_zhxOAoLQ8,2021-08-07,-9,37,15,0,10,12
BD,Bangladesh,,,,,,ChIJp4vhgO2qrTARa_zhxOAoLQ8,2021-08-08,-5,35,22,0,-2,13
BD,Bangladesh,,,,,,ChIJp4vhgO2qrTARa_zhxOAoLQ8,2021-08-09,-3,43,18,4,1,12
BD,Bangladesh,,,,,,ChIJp4vhgO2qrTARa_zhxOAoLQ8,2021-08-10,1,44,17,8,2,11
BD,Bangladesh,,,,,,ChIJp4vhgO2qrTARa_zhxOAoLQ8,2021-08-11,28,60,28,36,12,6
BD,Bangladesh,,,,,,ChIJp4vhgO2qrTARa_zhxOAoLQ8,2021-08-12,29,63,27,38,16,6
BD,Bangladesh,,,,,,ChIJp4vhgO2qrTARa_zhxOAoLQ8,2021-08-13,24,64,26,37,28,7
BD,Bangladesh,,,,,,ChIJp4vhgO2qrTARa_zhxOAoLQ8,2021-08-14,29,66,36,46,20,6
BD,Bangladesh,,,,,,ChIJp4vhgO2qrTARa_zhxOAoLQ8,2021-08-15,23,56,47,33,-25,12
BD,Bangladesh,,,,,,ChIJp4vhgO2qrTARa_zhxOAoLQ8,2021-08-16,31,66,35,45,12,5
BD,Bangladesh,,,,,,ChIJp4vhgO2qrTARa_zhxOAoLQ8,2021-08-17,30,62,32,44,11,6
BD,Bangladesh,,,,,,ChIJp4vhgO2qrTARa_zhxOAoLQ8,2021-08-18,28,58,33,41,16,6
BD,Bangladesh,,,,,,ChIJp4vhgO2qrTARa_zhxOAoLQ8,2021-08-19,29,62,30,37,19,7
BD,Bangladesh,,,,,,ChIJp4vhgO2qrTARa_zhxOAoLQ8,2021-08-20,27,65,34,39,23,7
BD,Bangladesh,,,,,,ChIJp4vhgO2qrTARa_zhxOAoLQ8,2021-08-21,28,61,37,46,25,6
BD,Bangladesh,,,,,,ChIJp4vhgO2qrTARa_zhxOAoLQ8,2021-08-22,32,59,42,44,21,5
BD,Bangladesh,,,,,,ChIJp4vhgO2qrTARa_zhxOAoLQ8,2021-08-23,25,56,32,38,15,7
BD,Bangladesh,,,,,,ChIJp4vhgO2qrTARa_zhxOAoLQ8,2021-08-24,31,61,31,41,15,6
BD,Bangladesh,,,,,,ChIJp4vhgO2qrTARa_zhxOAoLQ8,2021-08-25,30,60,34,43,16,6
BD,Bangladesh,,,,,,ChIJp4vhgO2qrTARa_zhxOAoLQ8,2021-08-26,26,54,24,35,19,7
BD,Bangladesh,,,,,,ChIJp4vhgO2qrTARa_zhxOAoLQ8,2021-08-27,34,69,37,45,25,6
BD,Bangladesh,,,,,,ChIJp4vhgO2qrTARa_zhxOAoLQ8,2021-08-28,31,62,38,46,27,6
BD,Bangladesh,,,,,,ChIJp4vhgO2qrTARa_zhxOAoLQ8,2021-08-29,32,60,43,43,22,5
BD,Bangladesh,,,,,,ChIJp4vhgO2qrTARa_zhxOAoLQ8,2021-08-30,30,61,36,32,-8,10
BD,Bangladesh,,,,,,ChIJp4vhgO2qrTARa_zhxOAoLQ8,2021-08-31,34,64,35,45,17,5
BD,Bangladesh,,,,,,ChIJp4vhgO2qrTARa_zhxOAoLQ8,2021-09-01,32,62,36,42,17,6
BD,Bangladesh,,,,,,ChIJp4vhgO2qrTARa_zhxOAoLQ8,2021-09-02,35,66,33,43,21,6
BD,Bangladesh,,,,,,ChIJp4vhgO2qrTARa_zhxOAoLQ8,2021-09-03,37,73,41,49,27,6
BD,Bangladesh,,,,,,ChIJp4vhgO2qrTARa_zhxOAoLQ8,2021-09-04,33,65,38,49,26,5
BD,Bangladesh,,,,,,ChIJp4vhgO2qrTARa_zhxOAoLQ8,2021-09-05,34,61,41,45,23,5
BD,Bangladesh,,,,,,ChIJp4vhgO2qrTARa_zhxOAoLQ8,2021-09-06,36,68,39,46,17,5
BD,Bangladesh,,,,,,ChIJp4vhgO2qrTARa_zhxOAoLQ8,2021-09-07,39,70,37,49,17,5
BD,Bangladesh,,,,,,ChIJp4vhgO2qrTARa_zhxOAoLQ8,2021-09-08,38,68,40,50,19,5
BD,Bangladesh,,,,,,ChIJp4vhgO2qrTARa_zhxOAoLQ8,2021-09-09,41,73,39,51,22,5
BD,Bangladesh,,,,,,ChIJp4vhgO2qrTARa_zhxOAoLQ8,2021-09-10,41,78,41,56,26,5
BD,Bangladesh,,,,,,ChIJp4vhgO2qrTARa_zhxOAoLQ8,2021-09-11,39,71,41,56,27,5
BD,Bangladesh,,,,,,ChIJp4vhgO2qrTARa_zhxOAoLQ8,2021-09-12,42,70,48,55,24,3
BD,Bangladesh,,,,,,ChIJp4vhgO2qrTARa_zhxOAoLQ8,2021-09-13,38,71,39,50,18,5
BD,Bangladesh,,,,,,ChIJp4vhgO2qrTARa_zhxOAoLQ8,2021-09-14,36,67,33,47,16,6
BD,Bangladesh,,,,,,ChIJp4vhgO2qrTARa_zhxOAoLQ8,2021-09-15,40,70,41,52,18,5
BD,Bangladesh,,,,,,ChIJp4vhgO2qrTARa_zhxOAoLQ8,2021-09-16,41,72,38,52,21,5
BD,Bangladesh,,,,,,ChIJp4vhgO2qrTARa_zhxOAoLQ8,2021-09-17,39,75,39,55,22,6
BD,Bangladesh,,,,,,ChIJp4vhgO2qrTARa_zhxOAoLQ8,2021-09-18,36,67,40,53,27,5
BD,Bangladesh,,,,,,ChIJp4vhgO2qrTARa_zhxOAoLQ8,2021-09-19,35,62,41,47,23,5
BD,Bangladesh,,,,,,ChIJp4vhgO2qrTARa_zhxOAoLQ8,2021-09-20,38,70,41,49,18,5
BD,Bangladesh,,,,,,ChIJp4vhgO2qrTARa_zhxOAoLQ8,2021-09-21,39,69,38,50,20,5
BD,Bangladesh,,,,,,ChIJp4vhgO2qrTARa_zhxOAoLQ8,2021-09-22,38,68,39,50,24,5
BD,Bangladesh,,,,,,ChIJp4vhgO2qrTARa_zhxOAoLQ8,2021-09-23,42,73,40,53,27,5
BD,Bangladesh,,,,,,ChIJp4vhgO2qrTARa_zhxOAoLQ8,2021-09-24,43,79,46,59,27,5
BD,Bangladesh,,,,,,ChIJp4vhgO2qrTARa_zhxOAoLQ8,2021-09-25,32,63,37,52,31,5
BD,Bangladesh,,,,,,ChIJp4vhgO2qrTARa_zhxOAoLQ8,2021-09-26,37,64,43,50,29,4
BD,Bangladesh,,,,,,ChIJp4vhgO2qrTARa_zhxOAoLQ8,2021-09-27,37,69,38,48,24,5
BD,Bangladesh,,,,,,ChIJp4vhgO2qrTARa_zhxOAoLQ8,2021-09-28,39,71,37,51,24,5
BD,Bangladesh,,,,,,ChIJp4vhgO2qrTARa_zhxOAoLQ8,2021-09-29,37,66,38,49,25,5
BD,Bangladesh,,,,,,ChIJp4vhgO2qrTARa_zhxOAoLQ8,2021-09-30,45,77,42,55,31,4
BD,Bangladesh,,,,,,ChIJp4vhgO2qrTARa_zhxOAoLQ8,2021-10-01,49,86,49,64,32,4
BD,Bangladesh,,,,,,ChIJp4vhgO2qrTARa_zhxOAoLQ8,2021-10-02,41,74,45,60,34,4
BD,Bangladesh,,,,,,ChIJp4vhgO2qrTARa_zhxOAoLQ8,2021-10-03,39,67,45,53,30,4
BD,Bangladesh,,,,,,ChIJp4vhgO2qrTARa_zhxOAoLQ8,2021-10-04,42,75,44,56,25,4
BD,Bangladesh,,,,,,ChIJp4vhgO2qrTARa_zhxOAoLQ8,2021-10-05,44,74,42,59,24,4
BD,Bangladesh,,,,,,ChIJp4vhgO2qrTARa_zhxOAoLQ8,2021-10-06,46,75,46,58,23,5
BD,Bangladesh,,,,,,ChIJp4vhgO2qrTARa_zhxOAoLQ8,2021-10-07,48,80,42,63,30,4
BD,Bangladesh,,,,,,ChIJp4vhgO2qrTARa_zhxOAoLQ8,2021-10-08,54,91,48,69,31,4
BD,Bangladesh,,,,,,ChIJp4vhgO2qrTARa_zhxOAoLQ8,2021-10-09,45,77,47,67,35,4
BD,Bangladesh,,,,,,ChIJp4vhgO2qrTARa_zhxOAoLQ8,2021-10-10,49,78,54,65,33,3
BD,Bangladesh,,,,,,ChIJp4vhgO2qrTARa_zhxOAoLQ8,2021-10-11,48,83,50,63,25,4
BD,Bangladesh,,,,,,ChIJp4vhgO2qrTARa_zhxOAoLQ8,2021-10-12,51,84,53,66,22,4
BD,Bangladesh,,,,,,ChIJp4vhgO2qrTARa_zhxOAoLQ8,2021-10-13,48,80,61,63,18,4
BD,Bangladesh,,,,,,ChIJp4vhgO2qrTARa_zhxOAoLQ8,2021-10-14,43,75,51,53,17,4
BD,Bangladesh,,,,,,ChIJp4vhgO2qrTARa_zhxOAoLQ8,2021-10-15,26,59,31,32,11,4
BD,Bangladesh,,,,,,ChIJp4vhgO2qrTARa_zhxOAoLQ8,2021-10-16,36,68,43,59,27,4
BD,Bangladesh,,,,,,ChIJp4vhgO2qrTARa_zhxOAoLQ8,2021-10-17,38,66,46,57,28,3
BD,Bangladesh,,,,,,ChIJp4vhgO2qrTARa_zhxOAoLQ8,2021-10-18,35,65,36,52,23,5
BD,Bangladesh,,,,,,ChIJp4vhgO2qrTARa_zhxOAoLQ8,2021-10-19,36,65,34,55,21,6
BD,Bangladesh,,,,,,ChIJp4vhgO2qrTARa_zhxOAoLQ8,2021-10-20,25,54,31,33,-14,13
BD,Bangladesh,,,,,,ChIJp4vhgO2qrTARa_zhxOAoLQ8,2021-10-21,47,80,48,59,30,4
BD,Bangladesh,,,,,,ChIJp4vhgO2qrTARa_zhxOAoLQ8,2021-10-22,49,85,50,66,32,5
BD,Bangladesh,,,,,,ChIJp4vhgO2qrTARa_zhxOAoLQ8,2021-10-23,44,75,50,68,38,4
BD,Bangladesh,,,,,,ChIJp4vhgO2qrTARa_zhxOAoLQ8,2021-10-24,41,69,51,59,35,4
BD,Bangladesh,,,,,,ChIJp4vhgO2qrTARa_zhxOAoLQ8,2021-10-25,44,77,47,60,30,5
BD,Bangladesh,,,,,,ChIJp4vhgO2qrTARa_zhxOAoLQ8,2021-10-26,46,78,44,61,30,5
BD,Bangladesh,,,,,,ChIJp4vhgO2qrTARa_zhxOAoLQ8,2021-10-27,45,74,48,59,31,5
BD,Bangladesh,,,,,,ChIJp4vhgO2qrTARa_zhxOAoLQ8,2021-10-28,48,79,46,61,35,5
BD,Bangladesh,,,,,,ChIJp4vhgO2qrTARa_zhxOAoLQ8,2021-10-29,48,83,47,62,34,6
BD,Bangladesh,,,,,,ChIJp4vhgO2qrTARa_zhxOAoLQ8,2021-10-30,46,78,48,67,41,4
BD,Bangladesh,,,,,,ChIJp4vhgO2qrTARa_zhxOAoLQ8,2021-10-31,47,75,52,63,38,3
BD,Bangladesh,,,,,,ChIJp4vhgO2qrTARa_zhxOAoLQ8,2021-11-01,47,81,47,62,31,4
BD,Bangladesh,,,,,,ChIJp4vhgO2qrTARa_zhxOAoLQ8,2021-11-02,49,81,45,63,30,4
BD,Bangladesh,,,,,,ChIJp4vhgO2qrTARa_zhxOAoLQ8,2021-11-03,49,81,50,64,32,4
BD,Bangladesh,,,,,,ChIJp4vhgO2qrTARa_zhxOAoLQ8,2021-11-04,52,85,49,65,32,5
BD,Bangladesh,,,,,,ChIJp4vhgO2qrTARa_zhxOAoLQ8,2021-11-05,53,93,53,66,32,5
BD,Bangladesh,,,,,,ChIJp4vhgO2qrTARa_zhxOAoLQ8,2021-11-06,46,81,52,63,38,5
BD,Bangladesh,,,,,,ChIJp4vhgO2qrTARa_zhxOAoLQ8,2021-11-07,48,79,55,58,36,4
BD,Bangladesh,,,,,,ChIJp4vhgO2qrTARa_zhxOAoLQ8,2021-11-08,50,86,50,66,32,4
BD,Bangladesh,,,,,,ChIJp4vhgO2qrTARa_zhxOAoLQ8,2021-11-09,52,86,50,71,31,4
BD,Bangladesh,,,,,,ChIJp4vhgO2qrTARa_zhxOAoLQ8,2021-11-10,51,85,53,70,32,4
BD,Bangladesh,,,,,,ChIJp4vhgO2qrTARa_zhxOAoLQ8,2021-11-11,49,82,47,64,31,4
BD,Bangladesh,,,,,,ChIJp4vhgO2qrTARa_zhxOAoLQ8,2021-11-12,58,98,54,80,33,5
BD,Bangladesh,,,,,,ChIJp4vhgO2qrTARa_zhxOAoLQ8,2021-11-13,38,71,41,65,37,6
BD,Bangladesh,,,,,,ChIJp4vhgO2qrTARa_zhxOAoLQ8,2021-11-14,47,77,52,68,35,4
BD,Bangladesh,,,,,,ChIJp4vhgO2qrTARa_zhxOAoLQ8,2021-11-15,47,81,46,65,31,5
BD,Bangladesh,,,,,,ChIJp4vhgO2qrTARa_zhxOAoLQ8,2021-11-16,53,85,50,71,32,5
BD,Bangladesh,,,,,,ChIJp4vhgO2qrTARa_zhxOAoLQ8,2021-11-17,51,82,51,65,30,5
BD,Bangladesh,,,,,,ChIJp4vhgO2qrTARa_zhxOAoLQ8,2021-11-18,53,85,50,68,37,5
BD,Bangladesh,,,,,,ChIJp4vhgO2qrTARa_zhxOAoLQ8,2021-11-19,55,93,53,73,36,5
BD,Bangladesh,,,,,,ChIJp4vhgO2qrTARa_zhxOAoLQ8,2021-11-20,48,81,52,70,42,5
BD,Bangladesh,,,,,,ChIJp4vhgO2qrTARa_zhxOAoLQ8,2021-11-21,49,79,58,67,38,4
BD,Bangladesh,,,,,,ChIJp4vhgO2qrTARa_zhxOAoLQ8,2021-11-22,48,82,50,65,33,5
BD,Bangladesh,,,,,,ChIJp4vhgO2qrTARa_zhxOAoLQ8,2021-11-23,50,82,50,65,32,5
BD,Bangladesh,,,,,,ChIJp4vhgO2qrTARa_zhxOAoLQ8,2021-11-24,49,80,51,65,34,5
BD,Bangladesh,,,,,,ChIJp4vhgO2qrTARa_zhxOAoLQ8,2021-11-25,52,84,50,67,38,5
BD,Bangladesh,,,,,,ChIJp4vhgO2qrTARa_zhxOAoLQ8,2021-11-26,53,92,53,70,38,6
BD,Bangladesh,,,,,,ChIJp4vhgO2qrTARa_zhxOAoLQ8,2021-11-27,48,82,54,73,42,4
BD,Bangladesh,,,,,,ChIJp4vhgO2qrTARa_zhxOAoLQ8,2021-11-28,45,74,56,59,33,4
BD,Bangladesh,,,,,,ChIJp4vhgO2qrTARa_zhxOAoLQ8,2021-11-29,49,84,51,65,33,4
BD,Bangladesh,,,,,,ChIJp4vhgO2qrTARa_zhxOAoLQ8,2021-11-30,52,83,51,70,33,4
BD,Bangladesh,,,,,,ChIJp4vhgO2qrTARa_zhxOAoLQ8,2021-12-01,53,83,55,69,33,4
